surface	kind	source	operation	task	status	authoritative_owner	native_view_action	transport_disposition	identity_fence	success_refusal_uncertain	test_fixture	native_platform_evidence	reviewer
workspace	operation	src/preload/index.ts	terminalCreate	R27	planned	src/main/workspace-terminal.ts; src/main/workspace-terminal-ipc.ts	Terminal dock	planned typed adapter; not exported; confirm exact handler and schema before implementation	local session principal + process/tab ID + view generation	project owner result; unavailable/disconnect visible; never infer success from click or ACK	pending	pending	pending
workspace	operation	src/preload/index.ts	terminalWrite	R27	planned	src/main/workspace-terminal.ts; src/main/workspace-terminal-ipc.ts	Terminal dock	planned typed adapter; not exported; confirm exact handler and schema before implementation	local session principal + process/tab ID + view generation	project owner result; unavailable/disconnect visible; never infer success from click or ACK	pending	pending	pending
workspace	operation	src/preload/index.ts	terminalResize	R27	planned	src/main/workspace-terminal.ts; src/main/workspace-terminal-ipc.ts	Terminal dock	planned typed adapter; not exported; confirm exact handler and schema before implementation	local session principal + process/tab ID + view generation	project owner result; unavailable/disconnect visible; never infer success from click or ACK	pending	pending	pending
workspace	operation	src/preload/index.ts	terminalAck	R27	planned	src/main/workspace-terminal.ts; src/main/workspace-terminal-ipc.ts	Terminal dock	planned typed adapter; not exported; confirm exact handler and schema before implementation	local session principal + process/tab ID + view generation	project owner result; unavailable/disconnect visible; never infer success from click or ACK	pending	pending	pending
workspace	operation	src/preload/index.ts	terminalClose	R27	planned	src/main/workspace-terminal.ts; src/main/workspace-terminal-ipc.ts	Terminal dock	planned typed adapter; not exported; confirm exact handler and schema before implementation	local session principal + process/tab ID + view generation	project owner result; unavailable/disconnect visible; never infer success from click or ACK	pending	pending	pending
workspace	subscription	src/preload/index.ts	onTerminalEvent	R27	planned	src/main/workspace-terminal.ts; src/main/workspace-terminal-ipc.ts	Terminal dock	planned typed adapter; not exported; confirm exact handler and schema before implementation	local session principal + process/tab ID + view generation	project owner result; unavailable/disconnect visible; never infer success from click or ACK	pending	pending	pending
workspace	operation	src/preload/index.ts	openLegalNotices	R29	planned	src/main/ipc.ts; src/main/session/usage.ts; src/main/diagnostics.ts; src/main/logger.ts; src/main/update.ts	Usage/diagnostics/update/browser preferences	planned typed adapter; not exported; confirm exact handler and schema before implementation	backend incarnation + endpoint/update generation + current permissions as applicable	project owner result; unavailable/disconnect visible; never infer success from click or ACK	pending	pending	pending
workspace	operation	src/preload/index.ts	pluginsSnapshot	R28	planned	src/main/plugins/manager.ts; src/main/plugins-ipc.ts	Plugin library/configuration/OAuth	planned typed adapter; not exported; confirm exact handler and schema before implementation	plugin UUID + installation/auth generation + backend incarnation	project owner result; unavailable/disconnect visible; never infer success from click or ACK	pending	pending	pending
workspace	operation	src/preload/index.ts	pluginsInstall	R28	planned	src/main/plugins/manager.ts; src/main/plugins-ipc.ts	Plugin library/configuration/OAuth	planned typed adapter; not exported; confirm exact handler and schema before implementation	plugin UUID + installation/auth generation + backend incarnation	project owner result; unavailable/disconnect visible; never infer success from click or ACK	pending	pending	pending
workspace	operation	src/preload/index.ts	pluginsConfigure	R28	planned	src/main/plugins/manager.ts; src/main/plugins-ipc.ts	Plugin library/configuration/OAuth	planned typed adapter; not exported; confirm exact handler and schema before implementation	plugin UUID + installation/auth generation + backend incarnation	project owner result; unavailable/disconnect visible; never infer success from click or ACK	pending	pending	pending
workspace	operation	src/preload/index.ts	pluginsRestart	R28	planned	src/main/plugins/manager.ts; src/main/plugins-ipc.ts	Plugin library/configuration/OAuth	planned typed adapter; not exported; confirm exact handler and schema before implementation	plugin UUID + installation/auth generation + backend incarnation	project owner result; unavailable/disconnect visible; never infer success from click or ACK	pending	pending	pending
workspace	operation	src/preload/index.ts	pluginsAuthenticate	R28	planned	src/main/plugins/manager.ts; src/main/plugins-ipc.ts	Plugin library/configuration/OAuth	planned typed adapter; not exported; confirm exact handler and schema before implementation	plugin UUID + installation/auth generation + backend incarnation	project owner result; unavailable/disconnect visible; never infer success from click or ACK	pending	pending	pending
workspace	operation	src/preload/index.ts	pluginsCancelAuthentication	R28	planned	src/main/plugins/manager.ts; src/main/plugins-ipc.ts	Plugin library/configuration/OAuth	planned typed adapter; not exported; confirm exact handler and schema before implementation	plugin UUID + installation/auth generation + backend incarnation	project owner result; unavailable/disconnect visible; never infer success from click or ACK	pending	pending	pending
workspace	operation	src/preload/index.ts	pluginsUpdate	R28	planned	src/main/plugins/manager.ts; src/main/plugins-ipc.ts	Plugin library/configuration/OAuth	planned typed adapter; not exported; confirm exact handler and schema before implementation	plugin UUID + installation/auth generation + backend incarnation	project owner result; unavailable/disconnect visible; never infer success from click or ACK	pending	pending	pending
workspace	operation	src/preload/index.ts	pluginsUninstall	R28	planned	src/main/plugins/manager.ts; src/main/plugins-ipc.ts	Plugin library/configuration/OAuth	planned typed adapter; not exported; confirm exact handler and schema before implementation	plugin UUID + installation/auth generation + backend incarnation	project owner result; unavailable/disconnect visible; never infer success from click or ACK	pending	pending	pending
workspace	operation	src/preload/index.ts	pluginsSetEnabled	R28	planned	src/main/plugins/manager.ts; src/main/plugins-ipc.ts	Plugin library/configuration/OAuth	planned typed adapter; not exported; confirm exact handler and schema before implementation	plugin UUID + installation/auth generation + backend incarnation	project owner result; unavailable/disconnect visible; never infer success from click or ACK	pending	pending	pending
workspace	operation	src/preload/index.ts	pluginsSetToolEnabled	R28	planned	src/main/plugins/manager.ts; src/main/plugins-ipc.ts	Plugin library/configuration/OAuth	planned typed adapter; not exported; confirm exact handler and schema before implementation	plugin UUID + installation/auth generation + backend incarnation	project owner result; unavailable/disconnect visible; never infer success from click or ACK	pending	pending	pending
workspace	operation	src/preload/index.ts	pluginsImportBundle	R28	planned	src/main/plugins/manager.ts; src/main/plugins-ipc.ts	Plugin library/configuration/OAuth	planned typed adapter; not exported; confirm exact handler and schema before implementation	plugin UUID + installation/auth generation + backend incarnation	project owner result; unavailable/disconnect visible; never infer success from click or ACK	pending	pending	pending
workspace	subscription	src/preload/index.ts	onPluginsChanged	R28	planned	src/main/plugins/manager.ts; src/main/plugins-ipc.ts	Plugin library/configuration/OAuth	planned typed adapter; not exported; confirm exact handler and schema before implementation	plugin UUID + installation/auth generation + backend incarnation	project owner result; unavailable/disconnect visible; never infer success from click or ACK	pending	pending	pending
workspace	operation	src/preload/index.ts	chooseFiles	R15	planned	src/main/chat-models.ts; src/main/session/input-attachments.ts; src/main/ipc.ts	Composer/model/attachments	planned typed adapter; not exported; confirm exact handler and schema before implementation	draft key/replacement generation + observed catalog/staging identity	project owner result; unavailable/disconnect visible; never infer success from click or ACK	pending	pending	pending
workspace	operation	src/preload/index.ts	petsList	R29	planned	src/main/pet-library.ts; src/main/pet-overlay.ts	Pet library/overlay	planned typed adapter; not exported; confirm exact handler and schema before implementation	pet UUID + overlay/window incarnation + selected owner	project owner result; unavailable/disconnect visible; never infer success from click or ACK	pending	pending	pending
workspace	operation	src/preload/index.ts	petsOverlayState	R29	planned	src/main/pet-library.ts; src/main/pet-overlay.ts	Pet library/overlay	planned typed adapter; not exported; confirm exact handler and schema before implementation	pet UUID + overlay/window incarnation + selected owner	project owner result; unavailable/disconnect visible; never infer success from click or ACK	pending	pending	pending
workspace	operation	src/preload/index.ts	petsSetOverlayVisible	R29	planned	src/main/pet-library.ts; src/main/pet-overlay.ts	Pet library/overlay	planned typed adapter; not exported; confirm exact handler and schema before implementation	pet UUID + overlay/window incarnation + selected owner	project owner result; unavailable/disconnect visible; never infer success from click or ACK	pending	pending	pending
workspace	operation	src/preload/index.ts	petsImport	R29	planned	src/main/pet-library.ts; src/main/pet-overlay.ts	Pet library/overlay	planned typed adapter; not exported; confirm exact handler and schema before implementation	pet UUID + overlay/window incarnation + selected owner	project owner result; unavailable/disconnect visible; never infer success from click or ACK	pending	pending	pending
workspace	operation	src/preload/index.ts	petsSetEnabled	R29	planned	src/main/pet-library.ts; src/main/pet-overlay.ts	Pet library/overlay	planned typed adapter; not exported; confirm exact handler and schema before implementation	pet UUID + overlay/window incarnation + selected owner	project owner result; unavailable/disconnect visible; never infer success from click or ACK	pending	pending	pending
workspace	operation	src/preload/index.ts	petsSetFavorite	R29	planned	src/main/pet-library.ts; src/main/pet-overlay.ts	Pet library/overlay	planned typed adapter; not exported; confirm exact handler and schema before implementation	pet UUID + overlay/window incarnation + selected owner	project owner result; unavailable/disconnect visible; never infer success from click or ACK	pending	pending	pending
workspace	operation	src/preload/index.ts	petsDelete	R29	planned	src/main/pet-library.ts; src/main/pet-overlay.ts	Pet library/overlay	planned typed adapter; not exported; confirm exact handler and schema before implementation	pet UUID + overlay/window incarnation + selected owner	project owner result; unavailable/disconnect visible; never infer success from click or ACK	pending	pending	pending
workspace	operation	src/preload/index.ts	petsAsset	R29	planned	src/main/pet-library.ts; src/main/pet-overlay.ts	Pet library/overlay	planned typed adapter; not exported; confirm exact handler and schema before implementation	pet UUID + overlay/window incarnation + selected owner	project owner result; unavailable/disconnect visible; never infer success from click or ACK	pending	pending	pending
workspace	subscription	src/preload/index.ts	onPetOverlayStateChanged	R29	planned	src/main/pet-library.ts; src/main/pet-overlay.ts	Pet library/overlay	planned typed adapter; not exported; confirm exact handler and schema before implementation	pet UUID + overlay/window incarnation + selected owner	project owner result; unavailable/disconnect visible; never infer success from click or ACK	pending	pending	pending
workspace	subscription	src/preload/index.ts	onPetOverlayOpenOwner	R29	planned	src/main/pet-library.ts; src/main/pet-overlay.ts	Pet library/overlay	planned typed adapter; not exported; confirm exact handler and schema before implementation	pet UUID + overlay/window incarnation + selected owner	project owner result; unavailable/disconnect visible; never infer success from click or ACK	pending	pending	pending
workspace	operation	src/preload/index.ts	listSkills	R28	planned	src/main/skills.ts; src/main/skill-library.ts; src/main/skill-github.ts	Skills library/completion	planned typed adapter; not exported; confirm exact handler and schema before implementation	draft key/replacement generation + package identity + current roots	project owner result; unavailable/disconnect visible; never infer success from click or ACK	pending	pending	pending
workspace	operation	src/preload/index.ts	listManagedSkills	R28	planned	src/main/skills.ts; src/main/skill-library.ts; src/main/skill-github.ts	Skills library/completion	planned typed adapter; not exported; confirm exact handler and schema before implementation	draft key/replacement generation + package identity + current roots	project owner result; unavailable/disconnect visible; never infer success from click or ACK	pending	pending	pending
workspace	operation	src/preload/index.ts	listRecommendedSkills	R28	planned	src/main/skills.ts; src/main/skill-library.ts; src/main/skill-github.ts	Skills library/completion	planned typed adapter; not exported; confirm exact handler and schema before implementation	draft key/replacement generation + package identity + current roots	project owner result; unavailable/disconnect visible; never infer success from click or ACK	pending	pending	pending
workspace	operation	src/preload/index.ts	installRecommendedSkill	R28	planned	src/main/skills.ts; src/main/skill-library.ts; src/main/skill-github.ts	Skills library/completion	planned typed adapter; not exported; confirm exact handler and schema before implementation	draft key/replacement generation + package identity + current roots	project owner result; unavailable/disconnect visible; never infer success from click or ACK	pending	pending	pending
workspace	operation	src/preload/index.ts	skillsImport	R28	planned	src/main/skills.ts; src/main/skill-library.ts; src/main/skill-github.ts	Skills library/completion	planned typed adapter; not exported; confirm exact handler and schema before implementation	draft key/replacement generation + package identity + current roots	project owner result; unavailable/disconnect visible; never infer success from click or ACK	pending	pending	pending
workspace	operation	src/preload/index.ts	skillsImportGithub	R28	planned	src/main/skills.ts; src/main/skill-library.ts; src/main/skill-github.ts	Skills library/completion	planned typed adapter; not exported; confirm exact handler and schema before implementation	draft key/replacement generation + package identity + current roots	project owner result; unavailable/disconnect visible; never infer success from click or ACK	pending	pending	pending
workspace	operation	src/preload/index.ts	skillsLinkGithub	R28	planned	src/main/skills.ts; src/main/skill-library.ts; src/main/skill-github.ts	Skills library/completion	planned typed adapter; not exported; confirm exact handler and schema before implementation	draft key/replacement generation + package identity + current roots	project owner result; unavailable/disconnect visible; never infer success from click or ACK	pending	pending	pending
workspace	operation	src/preload/index.ts	skillsCheckGithub	R28	planned	src/main/skills.ts; src/main/skill-library.ts; src/main/skill-github.ts	Skills library/completion	planned typed adapter; not exported; confirm exact handler and schema before implementation	draft key/replacement generation + package identity + current roots	project owner result; unavailable/disconnect visible; never infer success from click or ACK	pending	pending	pending
workspace	operation	src/preload/index.ts	skillsUpdateGithub	R28	planned	src/main/skills.ts; src/main/skill-library.ts; src/main/skill-github.ts	Skills library/completion	planned typed adapter; not exported; confirm exact handler and schema before implementation	draft key/replacement generation + package identity + current roots	project owner result; unavailable/disconnect visible; never infer success from click or ACK	pending	pending	pending
workspace	operation	src/preload/index.ts	skillsRemove	R28	planned	src/main/skills.ts; src/main/skill-library.ts; src/main/skill-github.ts	Skills library/completion	planned typed adapter; not exported; confirm exact handler and schema before implementation	draft key/replacement generation + package identity + current roots	project owner result; unavailable/disconnect visible; never infer success from click or ACK	pending	pending	pending
workspace	operation	src/preload/index.ts	skillLibrary	R28	planned	src/main/skills.ts; src/main/skill-library.ts; src/main/skill-github.ts	Skills library/completion	planned typed adapter; not exported; confirm exact handler and schema before implementation	draft key/replacement generation + package identity + current roots	project owner result; unavailable/disconnect visible; never infer success from click or ACK	pending	pending	pending
workspace	operation	src/preload/index.ts	dropFiles	R15	planned	src/main/chat-models.ts; src/main/session/input-attachments.ts; src/main/ipc.ts	Composer/model/attachments	planned typed adapter; not exported; confirm exact handler and schema before implementation	draft key/replacement generation + observed catalog/staging identity	project owner result; unavailable/disconnect visible; never infer success from click or ACK	pending	pending	pending
workspace	operation	src/preload/index.ts	attachText	R15	planned	src/main/chat-models.ts; src/main/session/input-attachments.ts; src/main/ipc.ts	Composer/model/attachments	planned typed adapter; not exported; confirm exact handler and schema before implementation	draft key/replacement generation + observed catalog/staging identity	project owner result; unavailable/disconnect visible; never infer success from click or ACK	pending	pending	pending
workspace	operation	src/preload/index.ts	getUsage	R29	planned	src/main/ipc.ts; src/main/session/usage.ts; src/main/diagnostics.ts; src/main/logger.ts; src/main/update.ts	Usage/diagnostics/update/browser preferences	planned typed adapter; not exported; confirm exact handler and schema before implementation	backend incarnation + endpoint/update generation + current permissions as applicable	project owner result; unavailable/disconnect visible; never infer success from click or ACK	pending	pending	pending
workspace	operation	src/preload/index.ts	getState	R22	planned	src/main/ipc.ts; src/main/config.ts; src/main/setup-profiles.ts; src/main/connection.ts	Setup/settings/connection	planned typed adapter; not exported; confirm exact handler and schema before implementation	backend incarnation + settings base + profile/endpoint epoch + current policy	project owner result; unavailable/disconnect visible; never infer success from click or ACK	pending	pending	pending
workspace	operation	src/preload/index.ts	saveSettings	R22	planned	src/main/ipc.ts; src/main/config.ts; src/main/setup-profiles.ts; src/main/connection.ts	Setup/settings/connection	planned typed adapter; not exported; confirm exact handler and schema before implementation	backend incarnation + settings base + profile/endpoint epoch + current policy	project owner result; unavailable/disconnect visible; never infer success from click or ACK	pending	pending	pending
workspace	operation	src/preload/index.ts	addRoot	R22	planned	src/main/ipc.ts; src/main/config.ts; src/main/setup-profiles.ts; src/main/connection.ts	Setup/settings/connection	planned typed adapter; not exported; confirm exact handler and schema before implementation	backend incarnation + settings base + profile/endpoint epoch + current policy	project owner result; unavailable/disconnect visible; never infer success from click or ACK	pending	pending	pending
workspace	operation	src/preload/index.ts	addRootPath	R22	planned	src/main/ipc.ts; src/main/config.ts; src/main/setup-profiles.ts; src/main/connection.ts	Setup/settings/connection	planned typed adapter; not exported; confirm exact handler and schema before implementation	backend incarnation + settings base + profile/endpoint epoch + current policy	project owner result; unavailable/disconnect visible; never infer success from click or ACK	pending	pending	pending
workspace	operation	src/preload/index.ts	removeRoot	R22	planned	src/main/ipc.ts; src/main/config.ts; src/main/setup-profiles.ts; src/main/connection.ts	Setup/settings/connection	planned typed adapter; not exported; confirm exact handler and schema before implementation	backend incarnation + settings base + profile/endpoint epoch + current policy	project owner result; unavailable/disconnect visible; never infer success from click or ACK	pending	pending	pending
workspace	operation	src/preload/index.ts	renameRoot	R22	planned	src/main/ipc.ts; src/main/config.ts; src/main/setup-profiles.ts; src/main/connection.ts	Setup/settings/connection	planned typed adapter; not exported; confirm exact handler and schema before implementation	backend incarnation + settings base + profile/endpoint epoch + current policy	project owner result; unavailable/disconnect visible; never infer success from click or ACK	pending	pending	pending
workspace	operation	src/preload/index.ts	setApiKey	R22	planned	src/main/ipc.ts; src/main/config.ts; src/main/setup-profiles.ts; src/main/connection.ts	Setup/settings/connection	planned typed adapter; not exported; confirm exact handler and schema before implementation	backend incarnation + settings base + profile/endpoint epoch + current policy	project owner result; unavailable/disconnect visible; never infer success from click or ACK	pending	pending	pending
workspace	operation	src/preload/index.ts	addSetupProfile	R22	planned	src/main/ipc.ts; src/main/config.ts; src/main/setup-profiles.ts; src/main/connection.ts	Setup/settings/connection	planned typed adapter; not exported; confirm exact handler and schema before implementation	backend incarnation + settings base + profile/endpoint epoch + current policy	project owner result; unavailable/disconnect visible; never infer success from click or ACK	pending	pending	pending
workspace	operation	src/preload/index.ts	selectSetupProfile	R22	planned	src/main/ipc.ts; src/main/config.ts; src/main/setup-profiles.ts; src/main/connection.ts	Setup/settings/connection	planned typed adapter; not exported; confirm exact handler and schema before implementation	backend incarnation + settings base + profile/endpoint epoch + current policy	project owner result; unavailable/disconnect visible; never infer success from click or ACK	pending	pending	pending
workspace	operation	src/preload/index.ts	removeSetupProfile	R22	planned	src/main/ipc.ts; src/main/config.ts; src/main/setup-profiles.ts; src/main/connection.ts	Setup/settings/connection	planned typed adapter; not exported; confirm exact handler and schema before implementation	backend incarnation + settings base + profile/endpoint epoch + current policy	project owner result; unavailable/disconnect visible; never infer success from click or ACK	pending	pending	pending
workspace	operation	src/preload/index.ts	setGoalKey	R22	planned	src/main/ipc.ts; src/main/config.ts; src/main/setup-profiles.ts; src/main/connection.ts	Setup/settings/connection	planned typed adapter; not exported; confirm exact handler and schema before implementation	backend incarnation + settings base + profile/endpoint epoch + current policy	project owner result; unavailable/disconnect visible; never infer success from click or ACK	pending	pending	pending
workspace	operation	src/preload/index.ts	setCustomProviderKey	R22	planned	src/main/ipc.ts; src/main/config.ts; src/main/setup-profiles.ts; src/main/connection.ts	Setup/settings/connection	planned typed adapter; not exported; confirm exact handler and schema before implementation	backend incarnation + settings base + profile/endpoint epoch + current policy	project owner result; unavailable/disconnect visible; never infer success from click or ACK	pending	pending	pending
workspace	operation	src/preload/index.ts	listGoalModels	R22	planned	src/main/ipc.ts; src/main/config.ts; src/main/setup-profiles.ts; src/main/connection.ts	Setup/settings/connection	planned typed adapter; not exported; confirm exact handler and schema before implementation	backend incarnation + settings base + profile/endpoint epoch + current policy	project owner result; unavailable/disconnect visible; never infer success from click or ACK	pending	pending	pending
workspace	operation	src/preload/index.ts	pickBinary	R22	planned	src/main/ipc.ts; src/main/config.ts; src/main/setup-profiles.ts; src/main/connection.ts	Setup/settings/connection	planned typed adapter; not exported; confirm exact handler and schema before implementation	backend incarnation + settings base + profile/endpoint epoch + current policy	project owner result; unavailable/disconnect visible; never infer success from click or ACK	pending	pending	pending
workspace	operation	src/preload/index.ts	connect	R22	planned	src/main/ipc.ts; src/main/config.ts; src/main/setup-profiles.ts; src/main/connection.ts	Setup/settings/connection	planned typed adapter; not exported; confirm exact handler and schema before implementation	backend incarnation + settings base + profile/endpoint epoch + current policy	project owner result; unavailable/disconnect visible; never infer success from click or ACK	pending	pending	pending
workspace	operation	src/preload/index.ts	disconnect	R22	planned	src/main/ipc.ts; src/main/config.ts; src/main/setup-profiles.ts; src/main/connection.ts	Setup/settings/connection	planned typed adapter; not exported; confirm exact handler and schema before implementation	backend incarnation + settings base + profile/endpoint epoch + current policy	project owner result; unavailable/disconnect visible; never infer success from click or ACK	pending	pending	pending
workspace	operation	src/preload/index.ts	runDiagnostics	R29	planned	src/main/ipc.ts; src/main/session/usage.ts; src/main/diagnostics.ts; src/main/logger.ts; src/main/update.ts	Usage/diagnostics/update/browser preferences	planned typed adapter; not exported; confirm exact handler and schema before implementation	backend incarnation + endpoint/update generation + current permissions as applicable	project owner result; unavailable/disconnect visible; never infer success from click or ACK	pending	pending	pending
workspace	operation	src/preload/index.ts	requestDesktopAccessibility	R22	planned	src/main/ipc.ts; src/main/config.ts; src/main/setup-profiles.ts; src/main/connection.ts	Setup/settings/connection	planned typed adapter; not exported; confirm exact handler and schema before implementation	backend incarnation + settings base + profile/endpoint epoch + current policy	project owner result; unavailable/disconnect visible; never infer success from click or ACK	pending	pending	pending
workspace	operation	src/preload/index.ts	getLog	R29	planned	src/main/ipc.ts; src/main/session/usage.ts; src/main/diagnostics.ts; src/main/logger.ts; src/main/update.ts	Usage/diagnostics/update/browser preferences	planned typed adapter; not exported; confirm exact handler and schema before implementation	backend incarnation + endpoint/update generation + current permissions as applicable	project owner result; unavailable/disconnect visible; never infer success from click or ACK	pending	pending	pending
workspace	operation	src/preload/index.ts	getLogText	R29	planned	src/main/ipc.ts; src/main/session/usage.ts; src/main/diagnostics.ts; src/main/logger.ts; src/main/update.ts	Usage/diagnostics/update/browser preferences	planned typed adapter; not exported; confirm exact handler and schema before implementation	backend incarnation + endpoint/update generation + current permissions as applicable	project owner result; unavailable/disconnect visible; never infer success from click or ACK	pending	pending	pending
workspace	operation	src/preload/index.ts	getLogJson	R29	planned	src/main/ipc.ts; src/main/session/usage.ts; src/main/diagnostics.ts; src/main/logger.ts; src/main/update.ts	Usage/diagnostics/update/browser preferences	planned typed adapter; not exported; confirm exact handler and schema before implementation	backend incarnation + endpoint/update generation + current permissions as applicable	project owner result; unavailable/disconnect visible; never infer success from click or ACK	pending	pending	pending
workspace	operation	src/preload/index.ts	writeClipboard	R23	planned	src/main/ipc.ts; src/main/session/markdown-export.ts; src/main/session/store.ts	Transcript image/copy/export/link	planned typed adapter; not exported; confirm exact handler and schema before implementation	local session/asset identity + view generation + validated URL/path	project owner result; unavailable/disconnect visible; never infer success from click or ACK	pending	pending	pending
workspace	operation	src/preload/index.ts	exportMarkdown	R23	planned	src/main/ipc.ts; src/main/session/markdown-export.ts; src/main/session/store.ts	Transcript image/copy/export/link	planned typed adapter; not exported; confirm exact handler and schema before implementation	local session/asset identity + view generation + validated URL/path	project owner result; unavailable/disconnect visible; never infer success from click or ACK	pending	pending	pending
workspace	operation	src/preload/index.ts	openLink	R23	planned	src/main/ipc.ts; src/main/session/markdown-export.ts; src/main/session/store.ts	Transcript image/copy/export/link	planned typed adapter; not exported; confirm exact handler and schema before implementation	local session/asset identity + view generation + validated URL/path	project owner result; unavailable/disconnect visible; never infer success from click or ACK	pending	pending	pending
workspace	operation	src/preload/index.ts	installUpdate	R29	planned	src/main/ipc.ts; src/main/session/usage.ts; src/main/diagnostics.ts; src/main/logger.ts; src/main/update.ts	Usage/diagnostics/update/browser preferences	planned typed adapter; not exported; confirm exact handler and schema before implementation	backend incarnation + endpoint/update generation + current permissions as applicable	project owner result; unavailable/disconnect visible; never infer success from click or ACK	pending	pending	pending
workspace	operation	src/preload/index.ts	downloadUpdate	R29	planned	src/main/ipc.ts; src/main/session/usage.ts; src/main/diagnostics.ts; src/main/logger.ts; src/main/update.ts	Usage/diagnostics/update/browser preferences	planned typed adapter; not exported; confirm exact handler and schema before implementation	backend incarnation + endpoint/update generation + current permissions as applicable	project owner result; unavailable/disconnect visible; never infer success from click or ACK	pending	pending	pending
workspace	operation	src/preload/index.ts	listSessions	R12	planned	src/main/session/read-model.ts; src/main/session/store.ts; src/main/ipc.ts	Session catalog/history	planned typed adapter; not exported; confirm exact handler and schema before implementation	local session UUID + backend incarnation + selection/load generation	project owner result; unavailable/disconnect visible; never infer success from click or ACK	pending	pending	pending
workspace	operation	src/preload/index.ts	listProjects	R12	planned	src/main/projects.ts	Project catalog	planned typed adapter; not exported; confirm exact handler and schema before implementation	project UUID + current canonical approved root + view generation	project owner result; unavailable/disconnect visible; never infer success from click or ACK	pending	pending	pending
workspace	operation	src/preload/index.ts	addProject	R24	planned	src/main/projects.ts	Project catalog	planned typed adapter; not exported; confirm exact handler and schema before implementation	project UUID + current canonical approved root + view generation	project owner result; unavailable/disconnect visible; never infer success from click or ACK	pending	pending	pending
workspace	operation	src/preload/index.ts	removeProject	R24	planned	src/main/projects.ts	Project catalog	planned typed adapter; not exported; confirm exact handler and schema before implementation	project UUID + current canonical approved root + view generation	project owner result; unavailable/disconnect visible; never infer success from click or ACK	pending	pending	pending
workspace	operation	src/preload/index.ts	listProjectFiles	R24	planned	src/main/project-files.ts; src/main/project-file-watcher.ts	Files/editor	planned typed adapter; not exported; confirm exact handler and schema before implementation	project UUID + canonical path + revision + view generation	project owner result; unavailable/disconnect visible; never infer success from click or ACK	pending	pending	pending
workspace	operation	src/preload/index.ts	watchProjectFiles	R24	planned	src/main/project-files.ts; src/main/project-file-watcher.ts	Files/editor	planned typed adapter; not exported; confirm exact handler and schema before implementation	project UUID + canonical path + revision + view generation	project owner result; unavailable/disconnect visible; never infer success from click or ACK	pending	pending	pending
workspace	subscription	src/preload/index.ts	onProjectFilesChanged	R24	planned	src/main/project-files.ts; src/main/project-file-watcher.ts	Files/editor	planned typed adapter; not exported; confirm exact handler and schema before implementation	project UUID + canonical path + revision + view generation	project owner result; unavailable/disconnect visible; never infer success from click or ACK	pending	pending	pending
workspace	operation	src/preload/index.ts	previewProjectFile	R26	planned	src/main/project-files.ts	File preview	planned typed adapter; not exported; confirm exact handler and schema before implementation	project UUID + path/revision + preview generation	project owner result; unavailable/disconnect visible; never infer success from click or ACK	pending	pending	pending
workspace	operation	src/preload/index.ts	createProjectFileEntry	R24	planned	src/main/project-files.ts; src/main/project-file-watcher.ts	Files/editor	planned typed adapter; not exported; confirm exact handler and schema before implementation	project UUID + canonical path + revision + view generation	project owner result; unavailable/disconnect visible; never infer success from click or ACK	pending	pending	pending
workspace	operation	src/preload/index.ts	renameProjectFileEntry	R24	planned	src/main/project-files.ts; src/main/project-file-watcher.ts	Files/editor	planned typed adapter; not exported; confirm exact handler and schema before implementation	project UUID + canonical path + revision + view generation	project owner result; unavailable/disconnect visible; never infer success from click or ACK	pending	pending	pending
workspace	operation	src/preload/index.ts	saveProjectFile	R24	planned	src/main/project-files.ts; src/main/project-file-watcher.ts	Files/editor	planned typed adapter; not exported; confirm exact handler and schema before implementation	project UUID + canonical path + revision + view generation	project owner result; unavailable/disconnect visible; never infer success from click or ACK	pending	pending	pending
workspace	operation	src/preload/index.ts	deleteProjectFileEntry	R24	planned	src/main/project-files.ts; src/main/project-file-watcher.ts	Files/editor	planned typed adapter; not exported; confirm exact handler and schema before implementation	project UUID + canonical path + revision + view generation	project owner result; unavailable/disconnect visible; never infer success from click or ACK	pending	pending	pending
workspace	operation	src/preload/index.ts	revealProjectFileEntry	R24	planned	src/main/project-files.ts; src/main/project-file-watcher.ts	Files/editor	planned typed adapter; not exported; confirm exact handler and schema before implementation	project UUID + canonical path + revision + view generation	project owner result; unavailable/disconnect visible; never infer success from click or ACK	pending	pending	pending
workspace	operation	src/preload/index.ts	attachProjectFile	R24	planned	src/main/project-files.ts; src/main/project-file-watcher.ts	Files/editor	planned typed adapter; not exported; confirm exact handler and schema before implementation	project UUID + canonical path + revision + view generation	project owner result; unavailable/disconnect visible; never infer success from click or ACK	pending	pending	pending
workspace	operation	src/preload/index.ts	getProjectGitSnapshot	R25	planned	src/main/project-git.ts; src/main/session/store.ts	Git/recorded edit review	planned typed adapter; not exported; confirm exact handler and schema before implementation	project/ref/HEAD generation OR exact session/call/change identity	project owner result; unavailable/disconnect visible; never infer success from click or ACK	pending	pending	pending
workspace	operation	src/preload/index.ts	getProjectGitDiff	R25	planned	src/main/project-git.ts; src/main/session/store.ts	Git/recorded edit review	planned typed adapter; not exported; confirm exact handler and schema before implementation	project/ref/HEAD generation OR exact session/call/change identity	project owner result; unavailable/disconnect visible; never infer success from click or ACK	pending	pending	pending
workspace	operation	src/preload/index.ts	getToolEditReview	R25	planned	src/main/project-git.ts; src/main/session/store.ts	Git/recorded edit review	planned typed adapter; not exported; confirm exact handler and schema before implementation	project/ref/HEAD generation OR exact session/call/change identity	project owner result; unavailable/disconnect visible; never infer success from click or ACK	pending	pending	pending
workspace	subscription	src/preload/index.ts	onProjectGitChanged	R25	planned	src/main/project-git.ts; src/main/session/store.ts	Git/recorded edit review	planned typed adapter; not exported; confirm exact handler and schema before implementation	project/ref/HEAD generation OR exact session/call/change identity	project owner result; unavailable/disconnect visible; never infer success from click or ACK	pending	pending	pending
workspace	operation	src/preload/index.ts	getSessionImage	R23	planned	src/main/ipc.ts; src/main/session/markdown-export.ts; src/main/session/store.ts	Transcript image/copy/export/link	planned typed adapter; not exported; confirm exact handler and schema before implementation	local session/asset identity + view generation + validated URL/path	project owner result; unavailable/disconnect visible; never infer success from click or ACK	pending	pending	pending
workspace	operation	src/preload/index.ts	getImageStorage	R23	planned	src/main/ipc.ts; src/main/session/markdown-export.ts; src/main/session/store.ts	Transcript image/copy/export/link	planned typed adapter; not exported; confirm exact handler and schema before implementation	local session/asset identity + view generation + validated URL/path	project owner result; unavailable/disconnect visible; never infer success from click or ACK	pending	pending	pending
workspace	operation	src/preload/index.ts	clearImageStorage	R23	planned	src/main/ipc.ts; src/main/session/markdown-export.ts; src/main/session/store.ts	Transcript image/copy/export/link	planned typed adapter; not exported; confirm exact handler and schema before implementation	local session/asset identity + view generation + validated URL/path	project owner result; unavailable/disconnect visible; never infer success from click or ACK	pending	pending	pending
workspace	operation	src/preload/index.ts	stopSessionTurn	R17	planned	src/main/session/input.ts; src/main/session/finish.ts; src/main/session/blocked-chats.ts; src/main/bridge.ts	Queue/Stop/End turn/Block	planned typed adapter; not exported; confirm exact handler and schema before implementation	exact local session/conversation/turn + outbox UUID and claim state as applicable	project owner result; unavailable/disconnect visible; never infer success from click or ACK	pending	pending	pending
workspace	operation	src/preload/index.ts	releaseSessionFinish	R17	planned	src/main/session/input.ts; src/main/session/finish.ts; src/main/session/blocked-chats.ts; src/main/bridge.ts	Queue/Stop/End turn/Block	planned typed adapter; not exported; confirm exact handler and schema before implementation	exact local session/conversation/turn + outbox UUID and claim state as applicable	project owner result; unavailable/disconnect visible; never infer success from click or ACK	pending	pending	pending
workspace	operation	src/preload/index.ts	generateFinishGoal	R18	planned	src/main/goal.ts; src/main/session/task-request.ts; src/main/session/input.ts	Automation/workflow/plan	planned typed adapter; not exported; confirm exact handler and schema before implementation	local session/input/helper identity + task/draft generation + attempt epoch	project owner result; unavailable/disconnect visible; never infer success from click or ACK	pending	pending	pending
workspace	operation	src/preload/index.ts	getChatModels	R15	planned	src/main/chat-models.ts; src/main/session/input-attachments.ts; src/main/ipc.ts	Composer/model/attachments	planned typed adapter; not exported; confirm exact handler and schema before implementation	draft key/replacement generation + observed catalog/staging identity	project owner result; unavailable/disconnect visible; never infer success from click or ACK	pending	pending	pending
workspace	operation	src/preload/index.ts	browserPreferences	R29	planned	src/main/ipc.ts; src/main/session/usage.ts; src/main/diagnostics.ts; src/main/logger.ts; src/main/update.ts	Usage/diagnostics/update/browser preferences	planned typed adapter; not exported; confirm exact handler and schema before implementation	backend incarnation + endpoint/update generation + current permissions as applicable	project owner result; unavailable/disconnect visible; never infer success from click or ACK	pending	pending	pending
workspace	operation	src/preload/index.ts	companionDiagnostics	R29	planned	src/main/ipc.ts; src/main/session/usage.ts; src/main/diagnostics.ts; src/main/logger.ts; src/main/update.ts	Usage/diagnostics/update/browser preferences	planned typed adapter; not exported; confirm exact handler and schema before implementation	backend incarnation + endpoint/update generation + current permissions as applicable	project owner result; unavailable/disconnect visible; never infer success from click or ACK	pending	pending	pending
workspace	operation	src/preload/index.ts	requestChatModels	R15	planned	src/main/chat-models.ts; src/main/session/input-attachments.ts; src/main/ipc.ts	Composer/model/attachments	planned typed adapter; not exported; confirm exact handler and schema before implementation	draft key/replacement generation + observed catalog/staging identity	project owner result; unavailable/disconnect visible; never infer success from click or ACK	pending	pending	pending
workspace	subscription	src/preload/index.ts	onToolApprovalNotice	R22	planned	src/main/ipc.ts; src/main/config.ts; src/main/setup-profiles.ts; src/main/connection.ts	Setup/settings/connection	planned typed adapter; not exported; confirm exact handler and schema before implementation	backend incarnation + settings base + profile/endpoint epoch + current policy	project owner result; unavailable/disconnect visible; never infer success from click or ACK	pending	pending	pending
workspace	subscription	src/preload/index.ts	onChatModelsChanged	R15	planned	src/main/chat-models.ts; src/main/session/input-attachments.ts; src/main/ipc.ts	Composer/model/attachments	planned typed adapter; not exported; confirm exact handler and schema before implementation	draft key/replacement generation + observed catalog/staging identity	project owner result; unavailable/disconnect visible; never infer success from click or ACK	pending	pending	pending
workspace	operation	src/preload/index.ts	getSessionControls	R16	planned	src/main/session/input.ts; src/main/bridge.ts; src/main/mcp/kernel.ts	Send/receipts/activity	planned typed adapter; not exported; confirm exact handler and schema before implementation	outbox UUID + local session epoch + elected browser/recipient owner	project owner result; unavailable/disconnect visible; never infer success from click or ACK	pending	pending	pending
workspace	operation	src/preload/index.ts	setSessionAutomation	R18	planned	src/main/goal.ts; src/main/session/task-request.ts; src/main/session/input.ts	Automation/workflow/plan	planned typed adapter; not exported; confirm exact handler and schema before implementation	local session/input/helper identity + task/draft generation + attempt epoch	project owner result; unavailable/disconnect visible; never infer success from click or ACK	pending	pending	pending
workspace	operation	src/preload/index.ts	setSessionObjective	R18	planned	src/main/goal.ts; src/main/session/task-request.ts; src/main/session/input.ts	Automation/workflow/plan	planned typed adapter; not exported; confirm exact handler and schema before implementation	local session/input/helper identity + task/draft generation + attempt epoch	project owner result; unavailable/disconnect visible; never infer success from click or ACK	pending	pending	pending
workspace	operation	src/preload/index.ts	compactSession	R19	planned	src/main/session/continuation.ts; src/main/session/handoff.ts	Compaction/recovery	planned typed adapter; not exported; confirm exact handler and schema before implementation	local session UUID + continuation token + A/B lineage + epoch	project owner result; unavailable/disconnect visible; never infer success from click or ACK	pending	pending	pending
workspace	operation	src/preload/index.ts	cancelSessionCompaction	R19	planned	src/main/session/continuation.ts; src/main/session/handoff.ts	Compaction/recovery	planned typed adapter; not exported; confirm exact handler and schema before implementation	local session UUID + continuation token + A/B lineage + epoch	project owner result; unavailable/disconnect visible; never infer success from click or ACK	pending	pending	pending
workspace	operation	src/preload/index.ts	draftTaskPlan	R18	planned	src/main/goal.ts; src/main/session/task-request.ts; src/main/session/input.ts	Automation/workflow/plan	planned typed adapter; not exported; confirm exact handler and schema before implementation	local session/input/helper identity + task/draft generation + attempt epoch	project owner result; unavailable/disconnect visible; never infer success from click or ACK	pending	pending	pending
workspace	operation	src/preload/index.ts	sendInput	R16	planned	src/main/session/input.ts; src/main/bridge.ts; src/main/mcp/kernel.ts	Send/receipts/activity	planned typed adapter; not exported; confirm exact handler and schema before implementation	outbox UUID + local session epoch + elected browser/recipient owner	project owner result; unavailable/disconnect visible; never infer success from click or ACK	pending	pending	pending
workspace	operation	src/preload/index.ts	retryInputBrowser	R16	planned	src/main/session/input.ts; src/main/bridge.ts; src/main/mcp/kernel.ts	Send/receipts/activity	planned typed adapter; not exported; confirm exact handler and schema before implementation	outbox UUID + local session epoch + elected browser/recipient owner	project owner result; unavailable/disconnect visible; never infer success from click or ACK	pending	pending	pending
workspace	operation	src/preload/index.ts	listInputs	R16	planned	src/main/session/input.ts; src/main/bridge.ts; src/main/mcp/kernel.ts	Send/receipts/activity	planned typed adapter; not exported; confirm exact handler and schema before implementation	outbox UUID + local session epoch + elected browser/recipient owner	project owner result; unavailable/disconnect visible; never infer success from click or ACK	pending	pending	pending
workspace	operation	src/preload/index.ts	listPausedHelpers	R18	planned	src/main/goal.ts; src/main/session/task-request.ts; src/main/session/input.ts	Automation/workflow/plan	planned typed adapter; not exported; confirm exact handler and schema before implementation	local session/input/helper identity + task/draft generation + attempt epoch	project owner result; unavailable/disconnect visible; never infer success from click or ACK	pending	pending	pending
workspace	operation	src/preload/index.ts	runningTools	R16	planned	src/main/session/input.ts; src/main/bridge.ts; src/main/mcp/kernel.ts	Send/receipts/activity	planned typed adapter; not exported; confirm exact handler and schema before implementation	outbox UUID + local session epoch + elected browser/recipient owner	project owner result; unavailable/disconnect visible; never infer success from click or ACK	pending	pending	pending
workspace	operation	src/preload/index.ts	retryHelper	R18	planned	src/main/goal.ts; src/main/session/task-request.ts; src/main/session/input.ts	Automation/workflow/plan	planned typed adapter; not exported; confirm exact handler and schema before implementation	local session/input/helper identity + task/draft generation + attempt epoch	project owner result; unavailable/disconnect visible; never infer success from click or ACK	pending	pending	pending
workspace	operation	src/preload/index.ts	editQueuedInput	R17	planned	src/main/session/input.ts; src/main/session/finish.ts; src/main/session/blocked-chats.ts; src/main/bridge.ts	Queue/Stop/End turn/Block	planned typed adapter; not exported; confirm exact handler and schema before implementation	exact local session/conversation/turn + outbox UUID and claim state as applicable	project owner result; unavailable/disconnect visible; never infer success from click or ACK	pending	pending	pending
workspace	operation	src/preload/index.ts	reorderQueuedInputs	R17	planned	src/main/session/input.ts; src/main/session/finish.ts; src/main/session/blocked-chats.ts; src/main/bridge.ts	Queue/Stop/End turn/Block	planned typed adapter; not exported; confirm exact handler and schema before implementation	exact local session/conversation/turn + outbox UUID and claim state as applicable	project owner result; unavailable/disconnect visible; never infer success from click or ACK	pending	pending	pending
workspace	operation	src/preload/index.ts	cancelInput	R17	planned	src/main/session/input.ts; src/main/session/finish.ts; src/main/session/blocked-chats.ts; src/main/bridge.ts	Queue/Stop/End turn/Block	planned typed adapter; not exported; confirm exact handler and schema before implementation	exact local session/conversation/turn + outbox UUID and claim state as applicable	project owner result; unavailable/disconnect visible; never infer success from click or ACK	pending	pending	pending
workspace	operation	src/preload/index.ts	setInputAutomation	R18	planned	src/main/goal.ts; src/main/session/task-request.ts; src/main/session/input.ts	Automation/workflow/plan	planned typed adapter; not exported; confirm exact handler and schema before implementation	local session/input/helper identity + task/draft generation + attempt epoch	project owner result; unavailable/disconnect visible; never infer success from click or ACK	pending	pending	pending
workspace	operation	src/preload/index.ts	setZoom	R21	planned	src/main/ipc.ts; src/main/window-layout.ts	Appearance/zoom	planned typed adapter; not exported; confirm exact handler and schema before implementation	window identity + settings base/generation	project owner result; unavailable/disconnect visible; never infer success from click or ACK	pending	pending	pending
workspace	operation	src/preload/index.ts	getZoom	R21	planned	src/main/ipc.ts; src/main/window-layout.ts	Appearance/zoom	planned typed adapter; not exported; confirm exact handler and schema before implementation	window identity + settings base/generation	project owner result; unavailable/disconnect visible; never infer success from click or ACK	pending	pending	pending
workspace	operation	src/preload/index.ts	openSessionChat	R22	planned	src/main/ipc.ts; src/main/session/store.ts; src/main/bridge.ts	Session menu	planned typed adapter; not exported; confirm exact handler and schema before implementation	exact local session/current conversation + backend incarnation + confirmed intent	project owner result; unavailable/disconnect visible; never infer success from click or ACK	pending	pending	pending
workspace	operation	src/preload/index.ts	setSessionBlocked	R17	planned	src/main/session/input.ts; src/main/session/finish.ts; src/main/session/blocked-chats.ts; src/main/bridge.ts	Queue/Stop/End turn/Block	planned typed adapter; not exported; confirm exact handler and schema before implementation	exact local session/conversation/turn + outbox UUID and claim state as applicable	project owner result; unavailable/disconnect visible; never infer success from click or ACK	pending	pending	pending
workspace	operation	src/preload/index.ts	deleteSession	R22	planned	src/main/ipc.ts; src/main/session/store.ts; src/main/bridge.ts	Session menu	planned typed adapter; not exported; confirm exact handler and schema before implementation	exact local session/current conversation + backend incarnation + confirmed intent	project owner result; unavailable/disconnect visible; never infer success from click or ACK	pending	pending	pending
workspace	operation	src/preload/index.ts	getHandoff	R19	planned	src/main/session/continuation.ts; src/main/session/handoff.ts	Compaction/recovery	planned typed adapter; not exported; confirm exact handler and schema before implementation	local session UUID + continuation token + A/B lineage + epoch	project owner result; unavailable/disconnect visible; never infer success from click or ACK	pending	pending	pending
workspace	operation	src/preload/index.ts	unpairExtension	R22	planned	src/main/ipc.ts; src/main/config.ts; src/main/setup-profiles.ts; src/main/connection.ts	Setup/settings/connection	planned typed adapter; not exported; confirm exact handler and schema before implementation	backend incarnation + settings base + profile/endpoint epoch + current policy	project owner result; unavailable/disconnect visible; never infer success from click or ACK	pending	pending	pending
workspace	operation	src/preload/index.ts	downloadExtension	R22	planned	src/main/ipc.ts; src/main/config.ts; src/main/setup-profiles.ts; src/main/connection.ts	Setup/settings/connection	planned typed adapter; not exported; confirm exact handler and schema before implementation	backend incarnation + settings base + profile/endpoint epoch + current policy	project owner result; unavailable/disconnect visible; never infer success from click or ACK	pending	pending	pending
workspace	operation	src/preload/index.ts	extensionPath	R22	planned	src/main/ipc.ts; src/main/config.ts; src/main/setup-profiles.ts; src/main/connection.ts	Setup/settings/connection	planned typed adapter; not exported; confirm exact handler and schema before implementation	backend incarnation + settings base + profile/endpoint epoch + current policy	project owner result; unavailable/disconnect visible; never infer success from click or ACK	pending	pending	pending
workspace	operation	src/preload/index.ts	openExtensionFolder	R22	planned	src/main/ipc.ts; src/main/config.ts; src/main/setup-profiles.ts; src/main/connection.ts	Setup/settings/connection	planned typed adapter; not exported; confirm exact handler and schema before implementation	backend incarnation + settings base + profile/endpoint epoch + current policy	project owner result; unavailable/disconnect visible; never infer success from click or ACK	pending	pending	pending
workspace	operation	src/preload/index.ts	getSwarm	R13	planned	src/main/agents.ts	Worker read drawer	planned typed adapter; not exported; confirm exact handler and schema before implementation	prime family/run incarnation + worker conversation + view generation	project owner result; unavailable/disconnect visible; never infer success from click or ACK	pending	pending	pending
workspace	operation	src/preload/index.ts	resetSwarm	R18	planned	src/main/agents.ts	Worker controls	planned typed adapter; not exported; confirm exact handler and schema before implementation	exact prime family/run incarnation + worker conversation	project owner result; unavailable/disconnect visible; never infer success from click or ACK	pending	pending	pending
workspace	operation	src/preload/index.ts	clearAgent	R18	planned	src/main/agents.ts	Worker controls	planned typed adapter; not exported; confirm exact handler and schema before implementation	exact prime family/run incarnation + worker conversation	project owner result; unavailable/disconnect visible; never infer success from click or ACK	pending	pending	pending
workspace	subscription	src/preload/index.ts	onStateChanged	R22	planned	src/main/ipc.ts; src/main/config.ts; src/main/setup-profiles.ts; src/main/connection.ts	Setup/settings/connection	planned typed adapter; not exported; confirm exact handler and schema before implementation	backend incarnation + settings base + profile/endpoint epoch + current policy	project owner result; unavailable/disconnect visible; never infer success from click or ACK	pending	pending	pending
workspace	subscription	src/preload/index.ts	onLogEntry	R29	planned	src/main/ipc.ts; src/main/session/usage.ts; src/main/diagnostics.ts; src/main/logger.ts; src/main/update.ts	Usage/diagnostics/update/browser preferences	planned typed adapter; not exported; confirm exact handler and schema before implementation	backend incarnation + endpoint/update generation + current permissions as applicable	project owner result; unavailable/disconnect visible; never infer success from click or ACK	pending	pending	pending
workspace	subscription	src/preload/index.ts	onSessionChanged	R12	planned	src/main/session/read-model.ts; src/main/session/store.ts; src/main/ipc.ts	Session catalog/history	planned typed adapter; not exported; confirm exact handler and schema before implementation	local session UUID + backend incarnation + selection/load generation	project owner result; unavailable/disconnect visible; never infer success from click or ACK	pending	pending	pending
workspace	subscription	src/preload/index.ts	onWriteSession	R12	planned	src/main/session/read-model.ts; src/main/session/store.ts; src/main/ipc.ts	Session catalog/history	planned typed adapter; not exported; confirm exact handler and schema before implementation	local session UUID + backend incarnation + selection/load generation	project owner result; unavailable/disconnect visible; never infer success from click or ACK	pending	pending	pending
workspace	subscription	src/preload/index.ts	onTaskProgress	R18	planned	src/main/goal.ts; src/main/session/task-request.ts; src/main/session/input.ts	Automation/workflow/plan	planned typed adapter; not exported; confirm exact handler and schema before implementation	local session/input/helper identity + task/draft generation + attempt epoch	project owner result; unavailable/disconnect visible; never infer success from click or ACK	pending	pending	pending
workspace	operation	src/preload/index.ts	cancelTaskRequest	R18	planned	src/main/goal.ts; src/main/session/task-request.ts; src/main/session/input.ts	Automation/workflow/plan	planned typed adapter; not exported; confirm exact handler and schema before implementation	local session/input/helper identity + task/draft generation + attempt epoch	project owner result; unavailable/disconnect visible; never infer success from click or ACK	pending	pending	pending
workspace	operation	src/preload/index.ts	draftGoalOpening	R18	planned	src/main/goal.ts; src/main/session/task-request.ts; src/main/session/input.ts	Automation/workflow/plan	planned typed adapter; not exported; confirm exact handler and schema before implementation	local session/input/helper identity + task/draft generation + attempt epoch	project owner result; unavailable/disconnect visible; never infer success from click or ACK	pending	pending	pending
workspace	subscription	src/preload/index.ts	onSwarmChanged	R13	planned	src/main/agents.ts	Worker read drawer	planned typed adapter; not exported; confirm exact handler and schema before implementation	prime family/run incarnation + worker conversation + view generation	project owner result; unavailable/disconnect visible; never infer success from click or ACK	pending	pending	pending
pet-overlay	operation	src/preload/pet-overlay.ts	listPets	R29	planned	src/main/pet-overlay.ts; src/main/pet-library.ts	Pet overlay/library	planned typed adapter; not exported; confirm exact handler and schema before implementation	overlay/window incarnation + pet UUID + owner session	project owner result; unavailable/disconnect visible; never infer success from click or ACK	pending	pending	pending
pet-overlay	operation	src/preload/pet-overlay.ts	petAsset	R29	planned	src/main/pet-overlay.ts; src/main/pet-library.ts	Pet overlay/library	planned typed adapter; not exported; confirm exact handler and schema before implementation	overlay/window incarnation + pet UUID + owner session	project owner result; unavailable/disconnect visible; never infer success from click or ACK	pending	pending	pending
pet-overlay	operation	src/preload/pet-overlay.ts	hidePet	R29	planned	src/main/pet-overlay.ts; src/main/pet-library.ts	Pet overlay/library	planned typed adapter; not exported; confirm exact handler and schema before implementation	overlay/window incarnation + pet UUID + owner session	project owner result; unavailable/disconnect visible; never infer success from click or ACK	pending	pending	pending
pet-overlay	operation	src/preload/pet-overlay.ts	setInteractive	R29	planned	src/main/pet-overlay.ts; src/main/pet-library.ts	Pet overlay/library	planned typed adapter; not exported; confirm exact handler and schema before implementation	overlay/window incarnation + pet UUID + owner session	project owner result; unavailable/disconnect visible; never infer success from click or ACK	pending	pending	pending
pet-overlay	operation	src/preload/pet-overlay.ts	focusOwner	R29	planned	src/main/pet-overlay.ts; src/main/pet-library.ts	Pet overlay/library	planned typed adapter; not exported; confirm exact handler and schema before implementation	overlay/window incarnation + pet UUID + owner session	project owner result; unavailable/disconnect visible; never infer success from click or ACK	pending	pending	pending
pet-overlay	operation	src/preload/pet-overlay.ts	releaseFocus	R29	planned	src/main/pet-overlay.ts; src/main/pet-library.ts	Pet overlay/library	planned typed adapter; not exported; confirm exact handler and schema before implementation	overlay/window incarnation + pet UUID + owner session	project owner result; unavailable/disconnect visible; never infer success from click or ACK	pending	pending	pending
pet-overlay	operation	src/preload/pet-overlay.ts	openLibrary	R29	planned	src/main/pet-overlay.ts; src/main/pet-library.ts	Pet overlay/library	planned typed adapter; not exported; confirm exact handler and schema before implementation	overlay/window incarnation + pet UUID + owner session	project owner result; unavailable/disconnect visible; never infer success from click or ACK	pending	pending	pending
pet-overlay	operation	src/preload/pet-overlay.ts	openActivity	R29	planned	src/main/pet-overlay.ts; src/main/pet-library.ts	Pet overlay/library	planned typed adapter; not exported; confirm exact handler and schema before implementation	overlay/window incarnation + pet UUID + owner session	project owner result; unavailable/disconnect visible; never infer success from click or ACK	pending	pending	pending
pet-overlay	subscription	src/preload/pet-overlay.ts	onSnapshot	R29	planned	src/main/pet-overlay.ts; src/main/pet-library.ts	Pet overlay/library	planned typed adapter; not exported; confirm exact handler and schema before implementation	overlay/window incarnation + pet UUID + owner session	project owner result; unavailable/disconnect visible; never infer success from click or ACK	pending	pending	pending
pet-overlay	subscription	src/preload/pet-overlay.ts	onLibraryChanged	R29	planned	src/main/pet-overlay.ts; src/main/pet-library.ts	Pet overlay/library	planned typed adapter; not exported; confirm exact handler and schema before implementation	overlay/window incarnation + pet UUID + owner session	project owner result; unavailable/disconnect visible; never infer success from click or ACK	pending	pending	pending
pet-overlay	subscription	src/preload/pet-overlay.ts	onPointer	R29	planned	src/main/pet-overlay.ts; src/main/pet-library.ts	Pet overlay/library	planned typed adapter; not exported; confirm exact handler and schema before implementation	overlay/window incarnation + pet UUID + owner session	project owner result; unavailable/disconnect visible; never infer success from click or ACK	pending	pending	pending
pet-overlay	subscription	src/preload/pet-overlay.ts	onBounds	R29	planned	src/main/pet-overlay.ts; src/main/pet-library.ts	Pet overlay/library	planned typed adapter; not exported; confirm exact handler and schema before implementation	overlay/window incarnation + pet UUID + owner session	project owner result; unavailable/disconnect visible; never infer success from click or ACK	pending	pending	pending
