source	category	disposition	task	status	test_native_evidence
src/renderer/agent-communication.ts	renderer-or-asset	unreviewed	unassigned	planned	pending
src/renderer/agent-panel.ts	renderer-or-asset	unreviewed	unassigned	planned	pending
src/renderer/agent-plan.ts	renderer-or-asset	unreviewed	unassigned	planned	pending
src/renderer/appearance.ts	renderer-or-asset	unreviewed	unassigned	planned	pending
src/renderer/assets.d.ts	renderer-or-asset	unreviewed	unassigned	planned	pending
src/renderer/browser-preferences.ts	renderer-or-asset	unreviewed	unassigned	planned	pending
src/renderer/chat-error.ts	renderer-or-asset	unreviewed	unassigned	planned	pending
src/renderer/chat-models.ts	renderer-or-asset	unreviewed	unassigned	planned	pending
src/renderer/chat.ts	renderer-or-asset	unreviewed	unassigned	planned	pending
src/renderer/composer-motion.ts	renderer-or-asset	unreviewed	unassigned	planned	pending
src/renderer/connection-popover.ts	renderer-or-asset	unreviewed	unassigned	planned	pending
src/renderer/context-meter.ts	renderer-or-asset	unreviewed	unassigned	planned	pending
src/renderer/dom.ts	renderer-or-asset	unreviewed	unassigned	planned	pending
src/renderer/file-code-editor.ts	renderer-or-asset	unreviewed	unassigned	planned	pending
src/renderer/file-panel.ts	renderer-or-asset	unreviewed	unassigned	planned	pending
src/renderer/file-pdf-viewer.ts	renderer-or-asset	unreviewed	unassigned	planned	pending
src/renderer/flags/de.svg	renderer-or-asset	unreviewed	unassigned	planned	pending
src/renderer/flags/pt.svg	renderer-or-asset	unreviewed	unassigned	planned	pending
src/renderer/goal-reasoning.ts	renderer-or-asset	unreviewed	unassigned	planned	pending
src/renderer/i18n.ts	renderer-or-asset	unreviewed	unassigned	planned	pending
src/renderer/icons.css	renderer-or-asset	unreviewed	unassigned	planned	pending
src/renderer/image-storage.ts	renderer-or-asset	unreviewed	unassigned	planned	pending
src/renderer/index.html	renderer-or-asset	unreviewed	unassigned	planned	pending
src/renderer/local-url.ts	renderer-or-asset	unreviewed	unassigned	planned	pending
src/renderer/locales/de.json	renderer-or-asset	unreviewed	unassigned	planned	pending
src/renderer/locales/es.json	renderer-or-asset	unreviewed	unassigned	planned	pending
src/renderer/locales/fr.json	renderer-or-asset	unreviewed	unassigned	planned	pending
src/renderer/locales/ja.json	renderer-or-asset	unreviewed	unassigned	planned	pending
src/renderer/locales/ko.json	renderer-or-asset	unreviewed	unassigned	planned	pending
src/renderer/locales/pt-BR.json	renderer-or-asset	unreviewed	unassigned	planned	pending
src/renderer/locales/pt-PT.json	renderer-or-asset	unreviewed	unassigned	planned	pending
src/renderer/locales/tr.json	renderer-or-asset	unreviewed	unassigned	planned	pending
src/renderer/locales/zh-CN.json	renderer-or-asset	unreviewed	unassigned	planned	pending
src/renderer/locales/zh-TW.json	renderer-or-asset	unreviewed	unassigned	planned	pending
src/renderer/main.ts	renderer-or-asset	unreviewed	unassigned	planned	pending
src/renderer/panel-motion.ts	renderer-or-asset	unreviewed	unassigned	planned	pending
src/renderer/pet-assets/animations.json	renderer-or-asset	unreviewed	unassigned	planned	pending
src/renderer/pet-assets/atlas-desktop.png	renderer-or-asset	unreviewed	unassigned	planned	pending
src/renderer/pet-assets/atlas.png	renderer-or-asset	unreviewed	unassigned	planned	pending
src/renderer/pet-assets/bat.png	renderer-or-asset	unreviewed	unassigned	planned	pending
src/renderer/pet-assets/bin-hit.png	renderer-or-asset	unreviewed	unassigned	planned	pending
src/renderer/pet-assets/bin-open.png	renderer-or-asset	unreviewed	unassigned	planned	pending
src/renderer/pet-assets/bin.png	renderer-or-asset	unreviewed	unassigned	planned	pending
src/renderer/pet-assets/hit-heavy.png	renderer-or-asset	unreviewed	unassigned	planned	pending
src/renderer/pet-assets/hit.png	renderer-or-asset	unreviewed	unassigned	planned	pending
src/renderer/pet-choreography.ts	renderer-or-asset	unreviewed	unassigned	planned	pending
src/renderer/pet-machine.ts	renderer-or-asset	unreviewed	unassigned	planned	pending
src/renderer/pet-overlay.css	renderer-or-asset	unreviewed	unassigned	planned	pending
src/renderer/pet-overlay.html	renderer-or-asset	unreviewed	unassigned	planned	pending
src/renderer/pet-overlay.ts	renderer-or-asset	unreviewed	unassigned	planned	pending
src/renderer/pet.ts	renderer-or-asset	unreviewed	unassigned	planned	pending
src/renderer/pets.ts	renderer-or-asset	unreviewed	unassigned	planned	pending
src/renderer/plugin-icons/blender.svg	renderer-or-asset	unreviewed	unassigned	planned	pending
src/renderer/plugin-icons/custom.svg	renderer-or-asset	unreviewed	unassigned	planned	pending
src/renderer/plugin-icons/fetch.svg	renderer-or-asset	unreviewed	unassigned	planned	pending
src/renderer/plugin-icons/filesystem.svg	renderer-or-asset	unreviewed	unassigned	planned	pending
src/renderer/plugin-icons/git.svg	renderer-or-asset	unreviewed	unassigned	planned	pending
src/renderer/plugin-icons/heygen.svg	renderer-or-asset	unreviewed	unassigned	planned	pending
src/renderer/plugin-icons/memory.svg	renderer-or-asset	unreviewed	unassigned	planned	pending
src/renderer/plugin-icons/playwright.svg	renderer-or-asset	unreviewed	unassigned	planned	pending
src/renderer/plugin-icons/recraft.svg	renderer-or-asset	unreviewed	unassigned	planned	pending
src/renderer/plugin-icons/thinking.svg	renderer-or-asset	unreviewed	unassigned	planned	pending
src/renderer/plugin-icons/time.svg	renderer-or-asset	unreviewed	unassigned	planned	pending
src/renderer/plugin-icons/unity.svg	renderer-or-asset	unreviewed	unassigned	planned	pending
src/renderer/plugin-refresh-reminder.ts	renderer-or-asset	unreviewed	unassigned	planned	pending
src/renderer/plugins.ts	renderer-or-asset	unreviewed	unassigned	planned	pending
src/renderer/recovery.ts	renderer-or-asset	unreviewed	unassigned	planned	pending
src/renderer/sanitize-html.ts	renderer-or-asset	unreviewed	unassigned	planned	pending
src/renderer/settings.css	renderer-or-asset	unreviewed	unassigned	planned	pending
src/renderer/setup-guide.ts	renderer-or-asset	unreviewed	unassigned	planned	pending
src/renderer/setup-images/api-key.png	renderer-or-asset	unreviewed	unassigned	planned	pending
src/renderer/setup-images/developer-mode.png	renderer-or-asset	unreviewed	unassigned	planned	pending
src/renderer/setup-images/new-plugin.png	renderer-or-asset	unreviewed	unassigned	planned	pending
src/renderer/setup-images/plugins-page.png	renderer-or-asset	unreviewed	unassigned	planned	pending
src/renderer/setup-images/tool-approval.jpg	renderer-or-asset	unreviewed	unassigned	planned	pending
src/renderer/setup-images/workspace.png	renderer-or-asset	unreviewed	unassigned	planned	pending
src/renderer/sidebar-completion.ts	renderer-or-asset	unreviewed	unassigned	planned	pending
src/renderer/sidebar-order.ts	renderer-or-asset	unreviewed	unassigned	planned	pending
src/renderer/sidebar-resize.ts	renderer-or-asset	unreviewed	unassigned	planned	pending
src/renderer/skills-library.ts	renderer-or-asset	unreviewed	unassigned	planned	pending
src/renderer/skills.ts	renderer-or-asset	unreviewed	unassigned	planned	pending
src/renderer/styles.css	renderer-or-asset	unreviewed	unassigned	planned	pending
src/renderer/tab-reorder.ts	renderer-or-asset	unreviewed	unassigned	planned	pending
src/renderer/timeline-scroll.ts	renderer-or-asset	unreviewed	unassigned	planned	pending
src/renderer/tool-approval.ts	renderer-or-asset	unreviewed	unassigned	planned	pending
src/renderer/tool-result.ts	renderer-or-asset	unreviewed	unassigned	planned	pending
src/renderer/usage.ts	renderer-or-asset	unreviewed	unassigned	planned	pending
src/renderer/work-panel-resize.ts	renderer-or-asset	unreviewed	unassigned	planned	pending
src/renderer/workspace-docks.ts	renderer-or-asset	unreviewed	unassigned	planned	pending
src/renderer/workspace-terminal.ts	renderer-or-asset	unreviewed	unassigned	planned	pending
src/preload/index.ts	preload	unreviewed	unassigned	planned	pending
src/preload/pet-overlay.ts	preload	unreviewed	unassigned	planned	pending
scripts/verify-appearance.cjs	parity-reference	unreviewed	unassigned	planned	pending
scripts/verify-chat-opening-scroll.cjs	parity-reference	unreviewed	unassigned	planned	pending
scripts/verify-chat-stays-at-end.cjs	parity-reference	unreviewed	unassigned	planned	pending
scripts/verify-chat-switch.cjs	parity-reference	unreviewed	unassigned	planned	pending
scripts/verify-chat-width.cjs	parity-reference	unreviewed	unassigned	planned	pending
scripts/verify-composer-context.cjs	parity-reference	unreviewed	unassigned	planned	pending
scripts/verify-composer-layout.cjs	parity-reference	unreviewed	unassigned	planned	pending
scripts/verify-composer-ui.cjs	parity-reference	unreviewed	unassigned	planned	pending
scripts/verify-connection-compact.cjs	parity-reference	unreviewed	unassigned	planned	pending
scripts/verify-connection-layer.cjs	parity-reference	unreviewed	unassigned	planned	pending
scripts/verify-context-dialog.cjs	parity-reference	unreviewed	unassigned	planned	pending
scripts/verify-disconnect-ui.cjs	parity-reference	unreviewed	unassigned	planned	pending
scripts/verify-dropdown-layout.cjs	parity-reference	unreviewed	unassigned	planned	pending
scripts/verify-effort-slider.cjs	parity-reference	unreviewed	unassigned	planned	pending
scripts/verify-goal-progress.cjs	parity-reference	unreviewed	unassigned	planned	pending
scripts/verify-goal-status-layout.cjs	parity-reference	unreviewed	unassigned	planned	pending
scripts/verify-history-scroll.cjs	parity-reference	unreviewed	unassigned	planned	pending
scripts/verify-input-queue.cjs	parity-reference	unreviewed	unassigned	planned	pending
scripts/verify-markdown-tables.cjs	parity-reference	unreviewed	unassigned	planned	pending
scripts/verify-message-reactions.cjs	parity-reference	unreviewed	unassigned	planned	pending
scripts/verify-navigation-motion.cjs	parity-reference	unreviewed	unassigned	planned	pending
scripts/verify-overwrite-layout.cjs	parity-reference	unreviewed	unassigned	planned	pending
scripts/verify-pet-overlay-electron.cjs	parity-reference	unreviewed	unassigned	planned	pending
scripts/verify-pet-performance.cjs	parity-reference	unreviewed	unassigned	planned	pending
scripts/verify-pet-toggle.cjs	parity-reference	unreviewed	unassigned	planned	pending
scripts/verify-plan-collapse.cjs	parity-reference	unreviewed	unassigned	planned	pending
scripts/verify-pr-workspace.cjs	parity-reference	unreviewed	unassigned	planned	pending
scripts/verify-recovery-layout.cjs	parity-reference	unreviewed	unassigned	planned	pending
scripts/verify-renderer-label-memory.cjs	parity-reference	unreviewed	unassigned	planned	pending
scripts/verify-settings-focus.cjs	parity-reference	unreviewed	unassigned	planned	pending
scripts/verify-settings-layout.cjs	parity-reference	unreviewed	unassigned	planned	pending
scripts/verify-setup-guide.cjs	parity-reference	unreviewed	unassigned	planned	pending
scripts/verify-shell-runtime.cjs	parity-reference	unreviewed	unassigned	planned	pending
scripts/verify-sidebar-setup.cjs	parity-reference	unreviewed	unassigned	planned	pending
scripts/verify-tool-scroll.cjs	parity-reference	unreviewed	unassigned	planned	pending
scripts/verify-usage-week.cjs	parity-reference	unreviewed	unassigned	planned	pending
scripts/verify-workspace-terminal.cjs	parity-reference	unreviewed	unassigned	planned	pending
